<?xml version="1.0" encoding="UTF-8"?>

<beans xmlns="http://www.springframework.org/schema/beans"
	xmlns:xsi="http://www.w3.org/2001/XMLSchema-instance"
	xsi:schemaLocation="http://www.springframework.org/schema/beans http://www.springframework.org/schema/beans/spring-beans.xsd">

	<bean id="c" class="com.siri.ContractEmployee">
	</bean>
	<bean id="r" class="com.siri.RegularEmployee"></bean>
	<bean id="e" class="com.siri.EmployeeService">

		<property name="emp">
			<ref bean="c" />

		</property>
	</bean>
	
	
	
	<bean id="ec" class="com.siri.EmployeeServiceConstructorInjection">
	
	<constructor-arg name="emp1">
	
	<ref bean="r"/>
	</constructor-arg>
	
	</bean>
	</beans>