<?xml version="1.0" encoding="UTF-8"?>
<!DOCTYPE hibernate-configuration PUBLIC
		"-//Hibernate/Hibernate Configuration DTD 3.0//EN"
		"http://hibernate.sourceforge.net/hibernate-configuration-3.0.dtd">
<hibernate-configuration>
    <session-factory>
    
    
    	<property name="hbm2ddl.auto">update</property>
    	<property name="show_sql">true</property>
        <property name="hibernate.connection.driver_class">com.mysql.jdbc.Driver</property>
        <property name="hibernate.connection.password">root</property>
        <property name="hibernate.connection.url">jdbc:mysql://localhost/test</property>
        <property name="hibernate.connection.username">root</property>
        <property name="hibernate.dialect">org.hibernate.dialect.MySQLDialect</property>
        
        
        <property name="hibernate.cache.use_second_level_cache">true</property>
        <property name="hibernate.cache.region.factory_class">org.hibernate.cache.ehcache.EhCacheRegionFactory</property>
        <mapping class="foo.Laptop"/>
        
        <mapping class="foo.Student"/>
        
        <mapping class="foo.Student1"/>
        
        <mapping class="foo.Course"/>
        
        <mapping class="foo.Student3"/>
        
        <mapping class="foo.Course3"/>
        
        <mapping class="foo.Book"/>
        
       
    </session-factory>
</hibernate-configuration>
