<?xml version="1.0"?>
<!DOCTYPE hibernate-mapping PUBLIC "-//Hibernate/Hibernate Mapping DTD 3.0//EN"
"http://hibernate.sourceforge.net/hibernate-mapping-3.0.dtd">
<!-- Generated Mar 4, 2018 1:34:17 PM by Hibernate Tools 3.4.0.CR1 -->
<hibernate-mapping>
    <class name="com.test.Student" table="STUDENT">
        <id name="sid" type="int">
            <column name="sudent_id" />
            <generator class="assigned" />
        </id>
        <property name="sname" type="java.lang.String">
            <column name="student_name" />
        </property>
        <property name="marks" type="int">
            <column name="student_marks" />
        </property>
    </class>
</hibernate-mapping>
